date,code,open,high,low,close,preclose,volume,amount,adjustflag,turn,tradestatus,pctChg,peTTM,pbMRQ,psTTM,pcfNcfTTM,isST
2017-12-07,sh.600000,12.8146854500,12.8938495300,12.7751034100,12.8245809600,12.8245809600,34802229,451233524.0000,2,0.123835,1,0.000000,7.004418,0.981842,2.310626,-2.043354,0
2017-12-08,sh.600000,12.8443719800,12.8542674900,12.7355213700,12.7948944300,12.8245809600,31296221,404411517.0000,2,0.111360,1,-0.231479,6.988205,0.979569,2.305277,-2.038624,0
2017-12-11,sh.600000,12.7849989200,12.9037450400,12.7157303500,12.8344764700,12.7948944300,36649902,474566888.0000,2,0.130409,1,0.309358,7.009823,0.982600,2.312409,-2.044930,0
2017-12-12,sh.600000,12.8344764700,12.8344764700,12.6068797400,12.6167752500,12.8344764700,30370097,390113096.0000,2,0.108064,1,-1.696224,6.890921,0.965933,2.273185,-2.010244,0
2017-12-13,sh.600000,12.6662528000,12.6761483100,12.4980291300,12.6068797400,12.6167752500,19345338,246331123.0000,2,0.068835,1,-0.078433,6.885516,0.965175,2.271402,-2.008667,0
2017-12-14,sh.600000,12.6563572900,12.6563572900,12.5277156600,12.5574021900,12.6068797400,16141678,205219487.0000,2,0.057436,1,-0.392466,6.858493,0.961387,2.262488,-2.000784,0
2017-12-15,sh.600000,12.5574021900,12.5969842300,12.4782381100,12.4881336200,12.5574021900,16210108,205323767.0000,2,0.057679,1,-0.551613,6.820661,0.956084,2.250008,-1.989747,0
2017-12-18,sh.600000,12.5771932100,12.5771932100,12.4782381100,12.5178201500,12.4881336200,13445648,170140035.0000,2,0.047843,1,0.237716,6.836874,0.958357,2.255356,-1.994477,0
2017-12-19,sh.600000,12.5178201500,12.6266707600,12.4881336200,12.6167752500,12.5178201500,18399603,233884666.0000,2,0.065470,1,0.790517,6.890921,0.965933,2.273185,-2.010244,0
2017-12-20,sh.600000,12.6266707600,12.6266707600,12.4683426000,12.5969842300,12.6167752500,26639844,337603451.0000,2,0.094791,1,-0.156866,6.880112,0.964417,2.269619,-2.007090,0
2017-12-21,sh.600000,12.5376111700,12.6464617800,12.4683426000,12.5672977000,12.5969842300,21052388,267624195.0000,2,0.074909,1,-0.235662,6.863898,0.962145,2.264271,-2.002360,0
2017-12-22,sh.600000,12.5475066800,12.5870887200,12.4782381100,12.4881336200,12.5672977000,16076938,203468779.0000,2,0.057206,1,-0.629921,6.820661,0.956084,2.250008,-1.989747,0
2017-12-25,sh.600000,12.4782381100,12.5475066800,12.4287605600,12.4584470900,12.4881336200,19306662,243553698.0000,2,0.068698,1,-0.237716,6.804447,0.953811,2.244659,-1.985017,0
2017-12-26,sh.600000,12.4386560700,12.5277156600,12.4287605600,12.5079246400,12.4584470900,15225722,192219131.0000,2,0.054177,1,0.397142,6.831470,0.957599,2.253573,-1.992900,0
2017-12-27,sh.600000,12.5178201500,12.5277156600,12.3990740300,12.4881336200,12.5079246400,32731881,412197987.0000,2,0.116468,1,-0.158231,6.820661,0.956084,2.250008,-1.989747,0
2017-12-28,sh.600000,12.4683426000,12.5277156600,12.3990740300,12.4089695400,12.4881336200,23870824,300834017.0000,2,0.084938,1,-0.633914,6.777423,0.950023,2.235744,-1.977134,0
2017-12-29,sh.600000,12.3891785200,12.4881336200,12.3792830100,12.4584470900,12.4089695400,16351826,205752875.0000,2,0.058184,1,0.398726,6.804447,0.953811,2.244659,-1.985017,0
2018-01-02,sh.600000,12.4782381100,12.6365662700,12.4683426000,12.5870887200,12.4584470900,31323053,398614966.0000,2,0.111455,1,1.032566,6.874707,0.963660,2.267837,-2.005514,0
2018-01-03,sh.600000,12.5969842300,12.6662528000,12.5277156600,12.5277156600,12.5870887200,37839101,480954809.0000,2,0.134641,1,-0.471701,6.842279,0.959114,2.257139,-1.996054,0
2018-01-04,sh.600000,12.5672977000,12.5969842300,12.4881336200,12.5277156600,12.5277156600,27883804,353205838.0000,2,0.099217,1,0.000000,6.842279,0.959114,2.257139,-1.996054,0
2018-01-05,sh.600000,12.5376111700,12.5771932100,12.4881336200,12.5574021900,12.5277156600,31026744,393058250.0000,2,0.110401,1,0.236965,6.858493,0.961387,2.262488,-2.000784,0
2018-01-08,sh.600000,12.5574021900,12.5771932100,12.4980291300,12.5475066800,12.5574021900,31389887,397842209.0000,2,0.111693,1,-0.078797,6.861806,0.960630,2.207251,-1.999207,0
2018-01-09,sh.600000,12.5475066800,12.6068797400,12.5277156600,12.5672977000,12.5475066800,26215432,332848333.0000,2,0.093281,1,0.157725,6.872629,0.962145,2.210732,-2.002360,0
2018-01-10,sh.600000,12.5672977000,12.9532225900,12.5475066800,12.8839540200,12.5672977000,90679990,1174202006.0000,2,0.322661,1,2.519690,7.045798,0.986388,2.266435,-2.052814,0
2018-01-11,sh.600000,12.8146854500,12.9037450400,12.7355213700,12.8047899400,12.8839540200,37816412,489588906.0000,2,0.134560,1,-0.614446,7.002506,0.980327,2.252510,-2.040200,0
2018-01-12,sh.600000,12.8344764700,12.8641630000,12.7652079000,12.7751034100,12.8047899400,24203419,313215088.0000,2,0.086122,1,-0.231837,6.986271,0.978054,2.247287,-2.035470,0
2018-01-15,sh.600000,12.7454168800,12.9433270800,12.7157303500,12.8839540200,12.7751034100,61320680,796861091.0000,2,0.218194,1,0.852058,7.045798,0.986388,2.266435,-2.052814,0
2018-01-16,sh.600000,12.8344764700,12.9235360600,12.6464617800,12.7652079000,12.8839540200,74892652,963701144.0000,2,0.266486,1,-0.921665,6.980860,0.977297,2.245547,-2.033894,0
2018-01-17,sh.600000,12.7751034100,13.2797744200,12.7553123900,12.9631181000,12.7652079000,127132813,1675235171.0000,2,0.452369,1,1.550394,7.089090,0.992448,2.280361,-2.065427,0
2018-01-18,sh.600000,13.0027001400,13.1115507500,12.9136405500,13.1016552400,12.9631181000,111608076,1465159094.0000,2,0.397129,1,1.068698,7.164851,1.003055,2.304732,-2.087500,0
2018-01-19,sh.600000,13.1907148300,13.4677891100,13.0422821800,13.1016552400,13.1016552400,171648871,2300220633.0000,2,0.610768,1,0.000000,7.164851,1.003055,2.304732,-2.087500,0
2018-01-22,sh.600000,12.7948944300,13.0125956500,12.5771932100,12.6365662700,13.1016552400,272513808,3514775144.0000,2,0.969670,1,-3.549844,6.910510,0.967448,2.222917,-2.013397,0
2018-01-23,sh.600000,12.6167752500,12.7849989200,12.5475066800,12.7652079000,12.6365662700,217827457,2791828653.0000,2,0.775083,1,1.018004,6.980860,0.977297,2.245547,-2.033894,0
2018-01-24,sh.600000,12.8344764700,13.8537140000,12.7553123900,13.4282070700,12.7652079000,379653632,5099364114.0000,2,1.350900,1,5.193799,7.343432,1.028055,2.362176,-2.139530,0
2018-01-25,sh.600000,13.3985205400,13.6162217600,13.2204013600,13.5073711500,13.4282070700,176989631,2400208784.0000,2,0.629772,1,0.589535,7.386724,1.034116,2.376102,-2.152143,0
2018-01-26,sh.600000,13.5073711500,13.5766397200,13.2204013600,13.2698789100,13.5073711500,218419685,2954019925.0000,2,0.777190,1,-1.758240,7.256847,1.015934,2.334324,-2.114303,0
2018-01-29,sh.600000,13.3391474800,13.3886250300,13.1808193200,13.3193564600,13.2698789100,153783104,2065139247.0000,2,0.547198,1,0.372858,7.283905,1.019722,2.343028,-2.122187,0
2018-01-30,sh.600000,13.3094609500,13.3490429900,12.9532225900,12.9730136100,13.3193564600,107804018,1429924976.0000,2,0.383593,1,-2.600300,7.094502,0.993206,2.282102,-2.067004,0
2018-01-31,sh.600000,12.9136405500,13.0521776900,12.8443719800,13.0323866700,12.9730136100,117703264,1541960901.0000,2,0.418817,1,0.457669,7.126971,0.997752,2.292547,-2.076463,0
2018-02-01,sh.600000,13.0027001400,13.1907148300,12.8047899400,13.1610283000,13.0323866700,173573331,2289044601.0000,2,0.617616,1,0.987093,7.197321,1.007600,2.315176,-2.096960,0
2018-02-02,sh.600000,13.0521776900,13.0521776900,12.8740585100,13.0027001400,13.1610283000,71796780,941467191.0000,2,0.255470,1,-1.203006,7.110736,0.995479,2.287324,-2.071733,0
2018-02-05,sh.600000,12.8641630000,13.3985205400,12.8443719800,13.3490429900,13.0027001400,150149657,2006361757.0000,2,0.534269,1,2.663618,7.300139,1.021995,2.348250,-2.126917,0
2018-02-06,sh.600000,13.1511327900,13.3589385000,13.0620732000,13.3391474800,13.3490429900,244358992,3270199180.0000,2,0.869488,1,-0.074131,7.294728,1.021237,2.346509,-2.125340,0
2018-02-07,sh.600000,13.4381025800,13.7547589000,13.1016552400,13.3094609500,13.3391474800,200770115,2720519687.0000,2,0.714389,1,-0.222550,7.278493,1.018964,2.341287,-2.120610,0
2018-02-08,sh.600000,13.2006103400,13.2599834000,12.8146854500,12.9631181000,13.3094609500,109426872,1438198801.0000,2,0.389367,1,-2.602226,7.089090,0.992448,2.280361,-2.065427,0
2018-02-09,sh.600000,12.7553123900,12.8443719800,12.1121042400,12.6464617800,12.9631181000,149257356,1877264356.0000,2,0.531094,1,-2.442753,6.915922,0.968205,2.224658,-2.014974,0
2018-02-12,sh.600000,12.5277156600,12.5475066800,12.3001189300,12.3594919900,12.6464617800,64799197,811027710.0000,2,0.230571,1,-2.269170,6.758988,0.946235,2.174177,-1.969250,0
2018-02-13,sh.600000,12.4188650500,12.5475066800,12.3693875000,12.3792830100,12.3594919900,54900214,690054113.0000,2,0.195348,1,0.160132,6.769811,0.947750,2.177658,-1.972404,0
2018-02-14,sh.600000,12.3693875000,12.4188650500,12.2506413800,12.3298054600,12.3792830100,32597811,406060202.0000,2,0.115991,1,-2.503912,6.742753,0.943962,2.168954,-1.964520,0
2018-02-22,sh.600000,12.4683426000,12.5475066800,12.3990740300,12.4980291300,12.3298054600,42012285,529856471.0000,2,0.149490,1,1.364367,6.834749,0.956842,2.198547,-1.991324,0
2018-02-23,sh.600000,12.5277156600,12.6464617800,12.4584470900,12.5870887200,12.4980291300,38736515,491768409.0000,2,0.137834,1,2.086677,6.883452,0.963660,2.214213,-2.005514,0
2018-02-26,sh.600000,12.6365662700,12.7058348400,12.4782381100,12.5969842300,12.5870887200,48806055,620261080.0000,2,0.173664,1,0.078611,6.888864,0.964417,2.215954,-2.007090,0
2018-02-27,sh.600000,12.6167752500,12.6266707600,12.4782381100,12.5574021900,12.5969842300,48561087,615622149.0000,2,0.172792,1,-0.314218,6.867218,0.961387,2.208991,-2.000784,0
2018-02-28,sh.600000,12.4782381100,12.5277156600,12.3100144400,12.3298054600,12.5574021900,39888938,499258844.0000,2,0.141935,1,-5.391040,6.742753,0.943962,2.168954,-1.964520,0
2018-03-01,sh.600000,12.2704324000,12.3693875000,12.2506413800,12.3397009700,12.3298054600,34491031,429574072.0000,2,0.122727,1,0.080259,6.748165,0.944720,2.170695,-1.966097,0
2018-03-02,sh.600000,12.2704324000,12.3298054600,12.2308503600,12.2803279100,12.3397009700,23024132,285473130.0000,2,0.081925,1,-2.437107,6.715695,0.940174,2.160251,-1.956637,0
2018-03-05,sh.600000,12.2803279100,12.3495964800,12.2110593400,12.2902234200,12.2803279100,29343464,363849705.0000,2,0.104411,1,0.080582,6.721107,0.940932,2.161991,-1.958214,0
2018-03-06,sh.600000,12.3495964800,12.3792830100,12.2506413800,12.3594919900,12.2902234200,27222668,339015159.0000,2,0.096865,1,0.563605,6.758988,0.946235,2.174177,-1.969250,0
2018-03-07,sh.600000,12.3792830100,12.4683426000,12.3298054600,12.3594919900,12.3594919900,38817575,487036820.0000,2,0.138122,1,0.000000,6.758988,0.946235,2.174177,-1.969250,0
2018-03-08,sh.600000,12.4188650500,12.4188650500,12.2704324000,12.3397009700,12.3594919900,22164132,276013913.0000,2,0.078865,1,-0.160124,6.748165,0.944720,2.170695,-1.966097,0
2018-03-09,sh.600000,12.3594919900,12.3792830100,12.2902234200,12.3495964800,12.3397009700,23558287,293550899.0000,2,0.083826,1,0.080187,6.753576,0.945478,2.172436,-1.967674,0
2018-03-12,sh.600000,12.3990740300,12.4089695400,12.3298054600,12.3693875000,12.3495964800,25161821,314544074.0000,2,0.089532,1,0.160260,6.764399,0.946993,2.175917,-1.970827,0
2018-03-13,sh.600000,12.3693875000,12.4485515800,12.3001189300,12.3594919900,12.3693875000,25145000,314545358.0000,2,0.089472,1,-0.080002,6.758988,0.946235,2.174177,-1.969250,0
2018-03-14,sh.600000,12.3199099500,12.3199099500,12.2506413800,12.2605368900,12.3594919900,22804603,282970086.0000,2,0.081144,1,-0.800636,6.704872,0.938659,2.156769,-1.953484,0
2018-03-15,sh.600000,12.2209548500,12.2803279100,12.2110593400,12.2605368900,12.2605368900,17287774,213972089.0000,2,0.061514,1,0.000000,6.704872,0.938659,2.156769,-1.953484,0
2018-03-16,sh.600000,12.2308503600,12.2704324000,12.1714773000,12.1714773000,12.2605368900,26781399,330778426.0000,2,0.095295,1,-0.726394,6.656169,0.931841,2.141103,-1.939294,0
2018-03-19,sh.600000,12.1813728100,12.2011638300,12.1318952600,12.1813728100,12.1714773000,16896048,207819310.0000,2,0.060120,1,0.081303,6.661580,0.932599,2.142843,-1.940871,0
2018-03-20,sh.600000,12.1516862800,12.2605368900,12.1219997500,12.1912683200,12.1813728100,20672283,254187843.0000,2,0.073557,1,0.081229,6.666992,0.933356,2.144584,-1.942447,0
2018-03-21,sh.600000,12.2110593400,12.2704324000,12.1516862800,12.1615817900,12.1912683200,23878465,294872209.0000,2,0.084965,1,-0.243504,6.650757,0.931083,2.139362,-1.937717,0
2018-03-22,sh.600000,12.2209548500,12.2209548500,12.1219997500,12.1219997500,12.1615817900,22948484,281975042.0000,2,0.081656,1,-0.325468,6.629111,0.928053,2.132399,-1.931411,0
2018-03-23,sh.600000,11.8746120000,11.9339850600,11.5183736400,11.5876422100,12.1219997500,57106391,676679666.0000,2,0.203198,1,-4.408163,6.336889,0.887143,2.038399,-1.846271,0
2018-03-26,sh.600000,11.5876422100,11.6272242500,11.3798365000,11.4886871100,11.5876422100,36425054,422233460.0000,2,0.129609,1,-0.853974,6.282774,0.879567,2.020992,-1.830504,0
2018-03-27,sh.600000,11.5777467000,11.6470152700,11.4392095600,11.4985826200,11.4886871100,27332809,318586664.0000,2,0.097257,1,0.086135,6.288185,0.880325,2.022733,-1.832081,0
2018-03-28,sh.600000,11.4095230300,11.6272242500,11.3996275200,11.4491050700,11.4985826200,22911282,266121467.0000,2,0.081524,1,-0.430294,6.261128,0.876537,2.014029,-1.824198,0
2018-03-29,sh.600000,11.4491050700,11.5876422100,11.3303589500,11.4985826200,11.4491050700,33108805,383064999.0000,2,0.117809,1,0.432154,6.288185,0.880325,2.022733,-1.832081,0
2018-03-30,sh.600000,11.5084781300,11.5678511900,11.4886871100,11.5282691500,11.4985826200,23271965,270987701.0000,2,0.082807,1,0.258173,6.304420,0.882597,2.027955,-1.836811,0
2018-04-02,sh.600000,11.5579556800,11.6964928200,11.5282691500,11.5876422100,11.5282691500,27719599,325667590.0000,2,0.098633,1,0.515025,6.336889,0.887143,2.038399,-1.846271,0
2018-04-03,sh.600000,11.5381646600,11.5480601700,11.4194185400,11.4392095600,11.5876422100,18303514,211906876.0000,2,0.065128,1,-1.280953,6.255716,0.875779,2.012288,-1.822621,0
2018-04-04,sh.600000,11.4886871100,11.5282691500,11.4095230300,11.4095230300,11.4392095600,19637509,227689712.0000,2,0.069875,1,-0.259522,6.239482,0.873506,2.007066,-1.817891,0
2018-04-09,sh.600000,11.4095230300,11.4688960900,11.3699409900,11.3798365000,11.4095230300,16722481,192709506.0000,2,0.059503,1,-0.260188,6.223247,0.871233,2.001844,-1.813161,0
2018-04-10,sh.600000,11.3996275200,11.6668062900,11.3897320100,11.6470152700,11.3798365000,28748298,336076808.0000,2,0.102293,1,2.347830,6.369358,0.891688,2.048844,-1.855731,0
2018-04-11,sh.600000,11.6668062900,11.8944030200,11.6272242500,11.7855524100,11.6470152700,31298519,372471249.0000,2,0.111368,1,1.189459,6.445119,0.902295,2.073214,-1.877804,0
2018-04-12,sh.600000,11.7855524100,11.8350299600,11.6371197600,11.6569107800,11.7855524100,18824289,222769476.0000,2,0.066981,1,-1.091521,6.374770,0.892446,2.050584,-1.857307,0
2018-04-13,sh.600000,11.7063883300,11.7657613900,11.5678511900,11.5678511900,11.6569107800,14094853,166015524.0000,2,0.050153,1,-0.764008,6.326066,0.885628,2.034918,-1.843118,0
2018-04-16,sh.600000,11.6767018000,11.6767018000,11.4194185400,11.4293140500,11.5678511900,23720095,275070676.0000,2,0.084402,1,-1.197600,6.250305,0.875021,2.010548,-1.821044,0
2018-04-17,sh.600000,11.4392095600,11.5777467000,11.4293140500,11.4293140500,11.4293140500,25469983,296234022.0000,2,0.090628,1,0.000000,6.250305,0.875021,2.010548,-1.821044,0
2018-04-18,sh.600000,11.6272242500,11.6668062900,11.5381646600,11.6074332300,11.4293140500,26295275,308485462.0000,2,0.093565,1,1.558436,6.347712,0.888658,2.041881,-1.849424,0
2018-04-19,sh.600000,11.6767018000,11.7657613900,11.6371197600,11.6767018000,11.6074332300,16553270,195771190.0000,2,0.058901,1,0.596766,6.385593,0.893961,2.054066,-1.860461,0
2018-04-20,sh.600000,11.6173287400,11.6668062900,11.4491050700,11.4886871100,11.6767018000,18377407,213965166.0000,2,0.065391,1,-1.610174,6.282774,0.879567,2.020992,-1.830504,0
2018-04-23,sh.600000,11.4392095600,11.6272242500,11.4095230300,11.4787916000,11.4886871100,18181610,211046456.0000,2,0.064695,1,-0.086126,6.277362,0.878809,2.019251,-1.828928,0
2018-04-24,sh.600000,11.4392095600,11.6569107800,11.4392095600,11.6569107800,11.4787916000,23032861,269871844.0000,2,0.081956,1,1.551718,6.374770,0.892446,2.050584,-1.857307,0
2018-04-25,sh.600000,11.5876422100,11.6470152700,11.5282691500,11.5381646600,11.6569107800,16082634,188149247.0000,2,0.057226,1,-1.018675,6.309831,0.883355,2.029696,-1.838388,0
2018-04-26,sh.600000,11.6074332300,11.6569107800,11.4293140500,11.4491050700,11.5381646600,18205794,211987526.0000,2,0.064781,1,-0.771871,6.261128,0.876537,2.014029,-1.824198,0
2018-04-27,sh.600000,11.4590005800,11.5480601700,11.4293140500,11.4886871100,11.4491050700,23450783,272328553.0000,2,0.083444,1,0.345721,6.282774,0.879567,2.020992,-1.830504,0
2018-05-02,sh.600000,11.2116128300,11.2116128300,10.8553744700,10.9147475300,11.4886871100,69325684,769050164.0000,2,0.246678,1,-4.995693,5.984241,0.812838,1.958545,12.978691,0
2018-05-03,sh.600000,10.8751654900,10.8949565100,10.7168373300,10.8058969200,10.9147475300,34665572,378055362.0000,2,0.123349,1,-0.997277,5.924562,0.804732,1.939013,12.849257,0
2018-05-04,sh.600000,10.7960014100,10.8256879400,10.6871508000,10.7168373300,10.8058969200,22253089,241749748.0000,2,0.079182,1,-0.824177,5.875733,0.798099,1.923032,12.743357,0
2018-05-07,sh.600000,10.7069418200,10.7762103900,10.6475687600,10.7267328400,10.7168373300,27425378,297162770.0000,2,0.097586,1,0.092338,5.881158,0.798836,1.924808,12.755123,0
2018-05-08,sh.600000,10.7267328400,10.8553744700,10.6970463100,10.8355834500,10.7267328400,28796453,314537694.0000,2,0.102465,1,1.014757,5.940838,0.806943,1.944340,12.884557,0
2018-05-09,sh.600000,10.8355834500,10.8850610000,10.7762103900,10.8157924300,10.8355834500,18510621,202375456.0000,2,0.065865,1,-0.182644,5.929987,0.805469,1.940789,12.861024,0
2018-05-10,sh.600000,10.8652699800,10.8850610000,10.7960014100,10.8355834500,10.8157924300,16030500,175546224.0000,2,0.057040,1,0.182978,5.940838,0.806943,1.944340,12.884557,0
2018-05-11,sh.600000,10.8850610000,10.8949565100,10.8256879400,10.8355834500,10.8355834500,22015135,241676135.0000,2,0.078335,1,0.000000,5.940838,0.806943,1.944340,12.884557,0
2018-05-14,sh.600000,10.8553744700,10.9345385500,10.8454789600,10.8850610000,10.8355834500,23763310,261553535.0000,2,0.084556,1,0.456623,5.967965,0.810627,1.953219,12.943391,0
2018-05-15,sh.600000,10.9147475300,10.9345385500,10.7663148800,10.8751654900,10.8850610000,23548459,258018710.0000,2,0.083791,1,-0.090911,5.962540,0.809890,1.951443,12.931624,0
2018-05-16,sh.600000,10.8157924300,10.8454789600,10.7465238600,10.7564193700,10.8751654900,23580345,257351420.0000,2,0.083905,1,-1.091901,5.897435,0.801047,1.930135,12.790423,0
2018-05-17,sh.600000,10.7465238600,10.7960014100,10.6970463100,10.7168373300,10.7564193700,18474690,200668980.0000,2,0.065737,1,-0.367985,5.875733,0.798099,1.923032,12.743357,0
2018-05-18,sh.600000,10.7366283500,10.7861059000,10.6970463100,10.7861059000,10.7168373300,21717105,235717339.0000,2,0.077275,1,0.646350,5.913711,0.803258,1.935462,12.825724,0
2018-05-21,sh.600000,10.8652699800,10.8652699800,10.7861059000,10.8256879400,10.7861059000,23393724,255891648.0000,2,0.083241,1,0.366972,5.935413,0.806206,1.942565,12.872791,0
2018-05-22,sh.600000,10.8256879400,10.8355834500,10.7366283500,10.7663148800,10.8256879400,16014501,174138743.0000,2,0.056983,1,-0.548441,5.902860,0.801784,1.931911,12.802190,0
2018-05-23,sh.600000,10.7663148800,10.7762103900,10.6772552900,10.6871508000,10.7663148800,21194469,229712309.0000,2,0.075415,1,-0.735293,5.859457,0.795889,1.917705,12.708056,0
2018-05-24,sh.600000,10.7168373300,10.7267328400,10.6475687600,10.6772552900,10.6871508000,15229580,164430466.0000,2,0.054191,1,-0.092595,5.854031,0.795152,1.915930,12.696290,0
2018-05-25,sh.600000,10.7168373300,10.7168373300,10.5684046800,10.5980912100,10.6772552900,19016226,204634790.0000,2,0.067664,1,-0.741426,5.810628,0.789256,1.901725,12.602156,0
2018-05-28,sh.600000,10.5980912100,10.6772552900,10.4991361100,10.6475687600,10.5980912100,18370343,196979804.0000,2,0.065366,1,0.466855,5.837755,0.792941,1.910603,12.660990,0
2018-05-29,sh.600000,10.5881957000,10.6277777400,10.4991361100,10.5288226400,10.6475687600,16933980,180559166.0000,2,0.060255,1,-1.115241,5.772650,0.784098,1.889295,12.519789,0
2018-05-30,sh.600000,10.4496585600,10.4892406000,10.2814348900,10.3309124400,10.5288226400,32230788,338274421.0000,2,0.114685,1,-1.879706,5.664142,0.769359,1.853782,12.284455,0
2018-05-31,sh.600000,10.3507034600,10.5783001900,10.3507034600,10.4397630500,10.3309124400,45532670,480871723.0000,2,0.162016,1,1.053646,5.723821,0.777465,1.873314,12.413888,0
2018-06-01,sh.600000,10.4892406000,10.5783001900,10.4199720300,10.5684046800,10.4397630500,18365527,195167690.0000,2,0.065349,1,1.232229,5.794352,0.787045,1.896398,12.566856,0
2018-06-04,sh.600000,10.6475687600,10.7168373300,10.5881957000,10.6376732500,10.5684046800,16180325,174154210.0000,2,0.057574,1,0.655428,5.832330,0.792204,1.908827,12.649223,0
2018-06-05,sh.600000,10.5980912100,10.6376732500,10.4991361100,10.5486136600,10.6376732500,18692609,199025891.0000,2,0.066513,1,-0.837211,5.783501,0.785572,1.892846,12.543322,0
2018-06-06,sh.600000,10.5288226400,10.5288226400,10.4199720300,10.4397630500,10.5486136600,14983603,158227437.0000,2,0.053315,1,-1.031892,5.723821,0.777465,1.873314,12.413888,0
2018-06-07,sh.600000,10.4496585600,10.5486136600,10.4001810100,10.5090316200,10.4397630500,23355633,247771033.0000,2,0.083105,1,0.663504,5.761799,0.782624,1.885744,12.496256,0
2018-06-08,sh.600000,10.4397630500,10.4595540700,10.2616438700,10.3111214200,10.5090316200,27181997,283822904.0000,2,0.096720,1,-1.883237,5.653291,0.767885,1.850231,12.260921,0
2018-06-11,sh.600000,10.2715393800,10.3210169300,10.1725842800,10.3111214200,10.3111214200,18004293,186272758.0000,2,0.064064,1,0.000000,5.653291,0.767885,1.850231,12.260921,0
2018-06-12,sh.600000,10.3012259100,10.3012259100,10.1923753000,10.2418528500,10.3111214200,16085667,166400389.0000,2,0.057237,1,-0.671782,5.615313,0.762727,1.837801,12.178554,0
2018-06-13,sh.600000,10.1923753000,10.2220618300,10.0736291800,10.1033157100,10.2418528500,19961576,204624613.0000,2,0.071028,1,-1.352660,5.539357,0.752410,1.812942,12.013820,0
2018-06-14,sh.600000,10.0538381600,10.1527932600,10.0538381600,10.1132112200,10.1033157100,17557528,179339350.0000,2,0.062474,1,0.097945,5.544782,0.753147,1.814718,12.025587,0
2018-06-15,sh.600000,10.1132112200,10.2319573400,10.0835246900,10.1923753000,10.1132112200,19914990,204800278.0000,2,0.070862,1,0.782778,5.588186,0.759042,1.828923,12.119721,0
2018-06-19,sh.600000,10.1231067300,10.1330022400,9.7074953100,9.8163459200,10.1923753000,42988471,432159776.0000,2,0.152963,1,-3.689322,5.382020,0.731039,1.761448,11.672585,0
2018-06-20,sh.600000,9.8163459200,9.8757189800,9.7668683700,9.7866593900,9.8163459200,18915740,187504468.0000,2,0.067307,1,-0.302417,5.365743,0.728828,1.756121,11.637285,0
2018-06-21,sh.600000,9.7767638800,9.8757189800,9.6481222500,9.7272863300,9.7866593900,23636961,234236776.0000,2,0.084106,1,-0.606678,5.333191,0.724406,1.745467,11.566685,0
2018-06-22,sh.600000,9.7272863300,9.7272863300,9.5689581700,9.6580177600,9.7272863300,25040001,243586307.0000,2,0.089098,1,-0.712103,5.295213,0.719248,1.733038,11.484318,0
2018-06-25,sh.600000,9.6679132700,9.7173908200,9.4502120500,9.4601075600,9.6580177600,24244380,234851670.0000,2,0.086267,1,-2.049178,5.186704,0.704509,1.697524,11.248983,0
2018-06-26,sh.600000,9.4996896000,9.4996896000,9.2523018500,9.3809434800,9.4601075600,24424095,231698549.0000,2,0.086907,1,-0.836829,5.143301,0.698613,1.683319,11.154850,0
2018-06-27,sh.600000,9.3116749100,9.4304210300,9.2621973600,9.2720928700,9.3809434800,24913770,234831869.0000,2,0.088649,1,-1.160334,5.083621,0.690507,1.663787,11.025416,0
2018-06-28,sh.600000,9.2325108300,9.5095851100,9.2226153200,9.4007345000,9.2720928700,30741337,290768015.0000,2,0.109385,1,1.387408,5.154152,0.700087,1.686871,11.178383,0
2018-06-29,sh.600000,9.4601075600,9.4996896000,9.3512569500,9.4601075600,9.4007345000,19493546,185831802.0000,2,0.069363,1,0.631583,5.186704,0.704509,1.697524,11.248983,0
2018-07-02,sh.600000,9.4502120500,9.4502120500,9.1335557300,9.1929287900,9.4601075600,22669089,212743905.0000,2,0.080662,1,-2.824272,5.040218,0.684612,1.649582,10.931282,0
2018-07-03,sh.600000,9.1929287900,9.2819883800,9.1038692000,9.2523018500,9.1929287900,24123551,224816757.0000,2,0.085837,1,0.645860,5.072770,0.689033,1.660236,11.001882,0
2018-07-04,sh.600000,9.2424063400,9.3215704200,9.1830332800,9.2127198100,9.2523018500,14464777,135000876.0000,2,0.051469,1,-0.427807,5.051069,0.686086,1.653133,10.954815,0
2018-07-05,sh.600000,9.1632422600,9.2523018500,9.1236602200,9.1632422600,9.2127198100,16495438,152978661.0000,2,0.058695,1,-0.537059,5.023942,0.682401,1.644255,10.895982,0
2018-07-06,sh.600000,9.2127198100,9.3314659300,9.0741826700,9.2720928700,9.1632422600,22594443,210564106.0000,2,0.080397,1,1.187901,5.083621,0.690507,1.663787,11.025416,0
2018-07-09,sh.600000,9.2720928700,9.5293761300,9.2720928700,9.4996896000,9.2720928700,22172565,212109327.0000,2,0.078895,1,2.454648,5.208406,0.707457,1.704627,11.296050,0
2018-07-10,sh.600000,9.5095851100,9.5491671500,9.4007345000,9.4700030700,9.4996896000,12402837,118668133.0000,2,0.044132,1,-0.312507,5.192130,0.705246,1.699300,11.260750,0
2018-07-11,sh.600000,9.2720928700,9.3413614400,9.2226153200,9.2819883800,9.4700030700,15203933,142450919.0000,2,0.054099,1,-1.985367,5.089047,0.691244,1.665563,11.037182,0
2018-07-12,sh.600000,9.3116749100,9.5095851100,9.2918838900,9.4700030700,9.2819883800,19704837,188206858.0000,2,0.070115,1,2.025582,5.192130,0.705246,1.699300,11.260750,0
2018-07-13,sh.600000,9.5700000000,9.5800000000,9.4600000000,9.4900000000,9.4700000000,15026339,142708347.0000,2,0.053467,1,0.211188,5.148726,0.699350,1.685095,11.166616,0
2018-07-16,sh.600000,9.5000000000,9.5400000000,9.3400000000,9.4100000000,9.4900000000,14414119,135697106.0000,2,0.051289,1,-0.842992,5.105323,0.693455,1.670890,11.072483,0
2018-07-17,sh.600000,9.4100000000,9.4800000000,9.3800000000,9.4400000000,9.4100000000,13713495,129512091.0000,2,0.048796,1,0.318807,5.121599,0.695666,1.676217,11.107783,0
2018-07-18,sh.600000,9.5100000000,9.6400000000,9.4800000000,9.5100000000,9.4400000000,18922700,180858003.0000,2,0.067332,1,0.741532,5.159577,0.700824,1.688646,11.190150,0
2018-07-19,sh.600000,9.6000000000,9.6200000000,9.5300000000,9.5600000000,9.5100000000,18360482,175909129.0000,2,0.065331,1,0.525764,5.186704,0.704509,1.697524,11.248983,0
2018-07-20,sh.600000,9.5600000000,9.9500000000,9.4700000000,9.8700000000,9.5600000000,33275650,325018010.0000,2,0.118403,1,3.242672,5.354892,0.727354,1.752570,11.613752,0
2018-07-23,sh.600000,9.9100000000,10.0300000000,9.7400000000,9.9600000000,9.8700000000,31484434,311612051.0000,2,0.112029,1,0.911856,5.403721,0.733986,1.768551,11.719652,0
2018-07-24,sh.600000,9.9800000000,10.1400000000,9.9700000000,10.0200000000,9.9600000000,36424560,365678865.0000,2,0.129607,1,0.602414,5.436274,0.738408,1.779205,11.790252,0
2018-07-25,sh.600000,10.1200000000,10.1200000000,9.9600000000,10.0200000000,10.0200000000,15889970,159153073.0000,2,0.056540,1,0.000000,5.436274,0.738408,1.779205,11.790252,0
2018-07-26,sh.600000,10.0700000000,10.0800000000,9.9500000000,9.9600000000,10.0200000000,15206330,151927483.0000,2,0.054108,1,-0.598807,5.403721,0.733986,1.768551,11.719652,0
2018-07-27,sh.600000,9.9600000000,10.0400000000,9.9300000000,9.9900000000,9.9600000000,12120067,121060815.0000,2,0.043126,1,0.301202,5.419997,0.736197,1.773878,11.754952,0
2018-07-30,sh.600000,9.9900000000,10.1600000000,9.9700000000,10.1300000000,9.9900000000,20096364,202566237.0000,2,0.071508,1,1.401405,5.495953,0.746514,1.798737,11.919686,0
2018-07-31,sh.600000,10.1200000000,10.2000000000,10.0000000000,10.1700000000,10.1300000000,18203008,184265064.0000,2,0.064771,1,0.394866,5.517655,0.749462,1.805839,11.966753,0
2018-08-01,sh.600000,10.2600000000,10.2700000000,9.9000000000,9.9100000000,10.1700000000,20741884,209512354.0000,2,0.073805,1,-2.556541,5.376594,0.730302,1.759672,11.660818,0
2018-08-02,sh.600000,9.9100000000,10.0300000000,9.6600000000,9.7900000000,9.9100000000,24483871,240792864.0000,2,0.087120,1,-1.210897,5.311489,0.721458,1.738365,11.519618,0
2018-08-03,sh.600000,9.7900000000,9.9800000000,9.7600000000,9.8300000000,9.7900000000,16997939,168026922.0000,2,0.060483,1,0.408580,5.333191,0.724406,1.745467,11.566685,0
2018-08-06,sh.600000,9.9700000000,10.0300000000,9.8700000000,9.9100000000,9.8300000000,17444492,173559265.0000,2,0.062072,1,0.813835,5.376594,0.730302,1.759672,11.660818,0
2018-08-07,sh.600000,9.9400000000,10.1200000000,9.9400000000,10.1100000000,9.9100000000,21784661,218926426.0000,2,0.077515,1,2.018162,5.485103,0.745040,1.795185,11.896153,0
2018-08-08,sh.600000,10.1500000000,10.1500000000,10.0100000000,10.0500000000,10.1100000000,13461992,135623302.0000,2,0.047901,1,-0.593467,5.452550,0.740619,1.784531,11.825553,0
2018-08-09,sh.600000,10.0000000000,10.1800000000,9.9900000000,10.1400000000,10.0500000000,17689853,179007673.0000,2,0.062945,1,0.895524,5.501379,0.747251,1.800512,11.931453,0
2018-08-10,sh.600000,10.1400000000,10.1400000000,10.0200000000,10.0700000000,10.1400000000,13172633,132643603.0000,2,0.046871,1,-0.690342,5.463401,0.742093,1.788083,11.849086,0
2018-08-13,sh.600000,10.0000000000,10.0600000000,9.9000000000,9.9800000000,10.0700000000,17927668,178552668.0000,2,0.063791,1,-0.893745,5.414572,0.735460,1.772102,11.743186,0
2018-08-14,sh.600000,9.9800000000,10.0700000000,9.9500000000,10.0600000000,9.9800000000,15868585,158997523.0000,2,0.056464,1,0.801612,5.457975,0.741356,1.786307,11.837319,0
2018-08-15,sh.600000,10.0600000000,10.0600000000,9.9000000000,9.9000000000,10.0600000000,14787033,147639905.0000,2,0.052616,1,-1.590465,5.371169,0.729565,1.757897,11.649052,0
2018-08-16,sh.600000,9.8700000000,10.1200000000,9.8400000000,10.0600000000,9.9000000000,24323652,243554060.0000,2,0.086549,1,1.616170,5.457975,0.741356,1.786307,11.837319,0
2018-08-17,sh.600000,10.1600000000,10.1600000000,9.9300000000,9.9800000000,10.0600000000,15090455,151684025.0000,2,0.053695,1,-0.795237,5.414572,0.735460,1.772102,11.743186,0
2018-08-20,sh.600000,10.1700000000,10.1700000000,10.0100000000,10.1500000000,9.9800000000,26975300,272534557.0000,2,0.095985,1,1.703408,5.506804,0.747988,1.802288,11.943220,0
2018-08-21,sh.600000,10.1800000000,10.2000000000,10.0900000000,10.1200000000,10.1500000000,19786535,200852851.0000,2,0.070405,1,-0.295564,5.490528,0.745777,1.796961,11.907920,0
2018-08-22,sh.600000,10.1200000000,10.1400000000,10.0000000000,10.0900000000,10.1200000000,11993541,120615691.0000,2,0.042676,1,-0.296440,5.474252,0.743566,1.791634,11.872619,0
2018-08-23,sh.600000,10.1300000000,10.1400000000,9.9800000000,10.0700000000,10.0900000000,15537812,156583263.0000,2,0.055287,1,-0.198221,5.463401,0.742093,1.788083,11.849086,0
2018-08-24,sh.600000,10.0600000000,10.4300000000,10.0200000000,10.3000000000,10.0700000000,32268837,330331268.0000,2,0.114820,1,2.284017,5.588186,0.759042,1.828923,12.119721,0
2018-08-27,sh.600000,10.3300000000,10.3500000000,10.2100000000,10.3300000000,10.3000000000,23266645,239467138.0000,2,0.082788,1,0.291260,5.604462,0.761253,1.834250,12.155021,0
2018-08-28,sh.600000,10.3000000000,10.3800000000,10.2500000000,10.3000000000,10.3300000000,14609685,150677769.0000,2,0.051985,1,-0.290414,5.588186,0.759042,1.828923,12.119721,0
2018-08-29,sh.600000,10.2900000000,10.3200000000,10.2600000000,10.3200000000,10.3000000000,10362000,106687297.0000,2,0.036871,1,0.194170,5.599036,0.760516,1.832474,12.143254,0
2018-08-30,sh.600000,10.3000000000,10.4100000000,10.1700000000,10.1700000000,10.3200000000,18621890,191336868.0000,2,0.066261,1,-1.453485,5.461027,0.726418,1.789310,29.094606,0
2018-08-31,sh.600000,10.1600000000,10.3600000000,10.1600000000,10.3300000000,10.1700000000,37311724,383679854.0000,2,0.132764,1,1.573253,5.546943,0.737847,1.817461,29.552338,0
2018-09-03,sh.600000,10.2700000000,10.3000000000,10.1700000000,10.2400000000,10.3300000000,14309539,146457275.0000,2,0.050917,1,-0.871250,5.498615,0.731418,1.801626,29.294864,0
2018-09-04,sh.600000,10.2100000000,10.4000000000,10.1800000000,10.3700000000,10.2400000000,16353060,168632347.0000,2,0.058188,1,1.269532,5.568422,0.740704,1.824498,29.666771,0
2018-09-05,sh.600000,10.3100000000,10.3700000000,10.1200000000,10.1200000000,10.3700000000,22729232,232884783.0000,2,0.080876,1,-2.410800,5.434178,0.722847,1.780513,28.951565,0
2018-09-06,sh.600000,10.1200000000,10.2300000000,10.1200000000,10.1400000000,10.1200000000,10546916,107317753.0000,2,0.037528,1,0.197633,5.444918,0.724275,1.784032,29.008781,0
2018-09-07,sh.600000,10.1500000000,10.2500000000,10.1200000000,10.1900000000,10.1400000000,8995716,91694437.0000,2,0.032009,1,0.493089,5.471766,0.727847,1.792829,29.151823,0
2018-09-10,sh.600000,10.1600000000,10.2300000000,10.1300000000,10.1800000000,10.1900000000,11822813,120376355.0000,2,0.042068,1,-0.098128,5.466397,0.727132,1.791070,29.123214,0
2018-09-11,sh.600000,10.2200000000,10.2700000000,9.9800000000,10.0200000000,10.1800000000,19689042,199401394.0000,2,0.070058,1,-1.571708,5.380481,0.715704,1.762919,28.665482,0
2018-09-12,sh.600000,9.9900000000,10.0700000000,9.9500000000,10.0400000000,10.0200000000,16506103,165231589.0000,2,0.058733,1,0.199596,5.391220,0.717133,1.766438,28.722699,0
2018-09-13,sh.600000,10.1700000000,10.3000000000,10.1100000000,10.2900000000,10.0400000000,29417198,300441533.0000,2,0.104674,1,2.490040,5.525464,0.734989,1.810423,29.437905,0
2018-09-14,sh.600000,10.3600000000,10.3600000000,10.2100000000,10.2600000000,10.2900000000,16450780,169083471.0000,2,0.058536,1,-0.291543,5.509355,0.732847,1.805145,29.352080,0
2018-09-17,sh.600000,10.2600000000,10.2800000000,10.1000000000,10.1500000000,10.2600000000,10535343,107339083.0000,2,0.037487,1,-1.072131,5.450288,0.724990,1.785792,29.037389,0
2018-09-18,sh.600000,10.1600000000,10.2600000000,10.0900000000,10.2600000000,10.1500000000,16684789,170045729.0000,2,0.059369,1,1.083750,5.509355,0.732847,1.805145,29.352080,0
2018-09-19,sh.600000,10.2800000000,10.2900000000,10.2000000000,10.2400000000,10.2600000000,18550643,190221692.0000,2,0.066008,1,-0.194936,5.498615,0.731418,1.801626,29.294864,0
2018-09-20,sh.600000,10.2600000000,10.2800000000,10.1800000000,10.2200000000,10.2400000000,16307051,166658023.0000,2,0.058024,1,-0.195308,5.487876,0.729990,1.798107,29.237647,0
2018-09-21,sh.600000,10.2400000000,10.4900000000,10.1500000000,10.4900000000,10.2200000000,37571431,388504217.0000,2,0.133688,1,2.641874,5.632859,0.749275,1.845611,30.010071,0
2018-09-25,sh.600000,10.3800000000,10.4700000000,10.3200000000,10.3500000000,10.4900000000,15879199,164580504.0000,2,0.056502,1,-1.334599,5.557682,0.739275,1.820980,29.609555,0
2018-09-26,sh.600000,10.3900000000,10.5600000000,10.3400000000,10.4100000000,10.3500000000,31175799,326010701.0000,2,0.110931,1,0.579705,5.589901,0.743561,1.831536,29.781204,0
2018-09-27,sh.600000,10.4500000000,10.4800000000,10.3800000000,10.4800000000,10.4100000000,24182714,252306120.0000,2,0.086048,1,0.672427,5.627489,0.748561,1.843852,29.981462,0
2018-09-28,sh.600000,10.4900000000,10.7500000000,10.4400000000,10.6200000000,10.4800000000,37430602,396863685.0000,2,0.133187,1,1.335881,5.702665,0.758561,1.868483,30.381978,0
2018-10-08,sh.600000,10.3900000000,10.4800000000,10.1500000000,10.1600000000,10.6200000000,41957276,432913252.0000,2,0.149294,1,-4.331450,5.455657,0.725704,1.787551,29.065998,0
2018-10-09,sh.600000,10.0800000000,10.2400000000,10.0700000000,10.1500000000,10.1600000000,23159026,234661842.0000,2,0.082405,1,-0.098427,5.450288,0.724990,1.785792,29.037389,0
2018-10-10,sh.600000,10.1400000000,10.2800000000,10.1300000000,10.1700000000,10.1500000000,18124701,184735118.0000,2,0.064492,1,0.197049,5.461027,0.726418,1.789310,29.094606,0
2018-10-11,sh.600000,10.0000000000,10.0500000000,9.7100000000,9.8000000000,10.1700000000,39056785,386778863.0000,2,0.138974,1,-3.638150,5.262347,0.699990,1.724213,28.036100,0
2018-10-12,sh.600000,9.9000000000,10.1000000000,9.8300000000,10.0300000000,9.8000000000,25145127,250805638.0000,2,0.089472,1,2.346934,5.385851,0.716418,1.764679,28.694090,0
2018-10-15,sh.600000,10.0500000000,10.1600000000,9.9700000000,10.0300000000,10.0300000000,13957844,140122866.0000,2,0.049665,1,0.000000,5.385851,0.716418,1.764679,28.694090,0
2018-10-16,sh.600000,10.0300000000,10.1900000000,9.9700000000,10.0500000000,10.0300000000,15308344,154272073.0000,2,0.054471,1,0.199406,5.396590,0.717847,1.768198,28.751307,0
2018-10-17,sh.600000,10.1800000000,10.3100000000,10.1400000000,10.2900000000,10.0500000000,26520895,271564080.0000,2,0.094368,1,2.388057,5.525464,0.734989,1.810423,29.437905,0
2018-10-18,sh.600000,10.3500000000,10.3500000000,10.1600000000,10.1900000000,10.2900000000,22403988,229432798.0000,2,0.079719,1,-0.971821,5.471766,0.727847,1.792829,29.151823,0
2018-10-19,sh.600000,10.2500000000,10.4300000000,10.0700000000,10.3800000000,10.1900000000,40331386,414893373.0000,2,0.143509,1,1.864578,5.573792,0.741418,1.826258,29.695380,0
2018-10-22,sh.600000,10.3200000000,10.7000000000,10.3200000000,10.6200000000,10.3800000000,47003409,497527573.0000,2,0.167250,1,2.312136,5.702665,0.758561,1.868483,30.381978,0
2018-10-23,sh.600000,10.6400000000,10.7000000000,10.4500000000,10.4500000000,10.6200000000,38089035,403493088.0000,2,0.135530,1,-1.600754,5.611380,0.746418,1.838574,29.895637,0
2018-10-24,sh.600000,10.5700000000,11.0500000000,10.5200000000,10.7400000000,10.4500000000,59165552,639391016.0000,2,0.210525,1,2.775119,5.767102,0.767132,1.889596,30.725277,0
2018-10-25,sh.600000,10.6000000000,10.8900000000,10.5400000000,10.8400000000,10.7400000000,36866593,393987422.0000,2,0.131180,1,0.931102,5.820800,0.774275,1.907190,31.011360,0
2018-10-26,sh.600000,10.8500000000,10.9800000000,10.7400000000,10.9200000000,10.8400000000,27519309,298733755.0000,2,0.097920,1,0.738007,5.863758,0.779989,1.921265,31.240226,0
2018-10-29,sh.600000,11.0800000000,11.1200000000,10.7100000000,10.7900000000,10.9200000000,35265959,385116491.0000,2,0.125485,1,-1.190477,5.793951,0.770703,1.898393,30.868318,0
2018-10-30,sh.600000,10.9300000000,11.0500000000,10.8900000000,10.9500000000,10.7900000000,33086049,363018055.0000,2,0.117728,1,1.482853,5.879867,0.782132,1.926544,31.326051,0
2018-10-31,sh.600000,10.9900000000,11.0300000000,10.8700000000,10.9800000000,10.9500000000,21737114,237583046.0000,2,0.077346,1,0.273970,5.799324,0.757521,1.892937,3.101736,0
2018-11-01,sh.600000,11.0500000000,11.0900000000,10.8600000000,10.8900000000,10.9800000000,23505322,257781673.0000,2,0.083638,1,-0.819665,5.751789,0.751312,1.877422,3.076312,0
2018-11-02,sh.600000,11.1000000000,11.2500000000,10.9400000000,11.1800000000,10.8900000000,47788920,530913675.0000,2,0.170045,1,2.662993,5.904959,0.771319,1.927417,3.158234,0
2018-11-05,sh.600000,11.1500000000,11.2500000000,11.0800000000,11.1400000000,11.1800000000,17012759,189481162.0000,2,0.060536,1,-0.357781,5.883832,0.768560,1.920521,3.146934,0
2018-11-06,sh.600000,11.1300000000,11.1500000000,11.0000000000,11.0300000000,11.1400000000,18422477,203565760.0000,2,0.065552,1,-0.987438,5.825733,0.760971,1.901557,3.115860,0
2018-11-07,sh.600000,11.0900000000,11.1000000000,10.8700000000,10.9000000000,11.0300000000,20843864,228836505.0000,2,0.074168,1,-1.178605,5.757070,0.752002,1.879146,3.079136,0
2018-11-08,sh.600000,11.0500000000,11.1000000000,10.9000000000,11.0600000000,10.9000000000,19991683,220506116.0000,2,0.071135,1,1.467897,5.841578,0.763040,1.906729,3.124335,0
2018-11-09,sh.600000,10.9900000000,11.0300000000,10.7000000000,10.7500000000,11.0600000000,25570050,277004944.0000,2,0.090984,1,-2.802897,5.677845,0.741653,1.853286,3.036763,0
2018-11-12,sh.600000,10.7700000000,10.9500000000,10.7500000000,10.8000000000,10.7500000000,27015827,292478247.0000,2,0.096129,1,0.465118,5.704253,0.745103,1.861906,3.050888,0
2018-11-13,sh.600000,10.6800000000,10.9000000000,10.6800000000,10.8200000000,10.8000000000,20708729,223541479.0000,2,0.073687,1,0.185181,5.714817,0.746483,1.865354,3.056537,0
2018-11-14,sh.600000,10.8700000000,10.8700000000,10.6800000000,10.7000000000,10.8200000000,17998183,193809658.0000,2,0.064042,1,-1.109056,5.651436,0.738204,1.844666,3.022639,0
2018-11-15,sh.600000,10.7200000000,10.8100000000,10.6500000000,10.7700000000,10.7000000000,16580059,178144575.0000,2,0.058996,1,0.654212,5.688408,0.743033,1.856734,3.042413,0
2018-11-16,sh.600000,10.7700000000,10.8500000000,10.7100000000,10.7600000000,10.7700000000,21394417,230509596.0000,2,0.076127,1,-0.092853,5.683126,0.742343,1.855010,3.039588,0
2018-11-19,sh.600000,10.8600000000,10.9000000000,10.7700000000,10.8800000000,10.7600000000,21384793,231999662.0000,2,0.076092,1,1.115241,5.746507,0.750622,1.875698,3.073487,0
2018-11-20,sh.600000,10.8700000000,10.8900000000,10.6500000000,10.6900000000,10.8800000000,21883780,234959214.0000,2,0.077868,1,-1.746328,5.646154,0.737514,1.842942,3.019814,0
2018-11-21,sh.600000,10.6100000000,10.7200000000,10.6100000000,10.6600000000,10.6900000000,16027458,170915676.0000,2,0.057030,1,-0.280634,5.630309,0.735444,1.837770,3.011339,0
2018-11-22,sh.600000,10.7300000000,10.7300000000,10.5700000000,10.6400000000,10.6600000000,14008305,148745106.0000,2,0.049845,1,-0.187613,5.619746,0.734064,1.834322,3.005689,0
2018-11-23,sh.600000,10.6000000000,10.6600000000,10.5000000000,10.5000000000,10.6400000000,14715010,155566104.0000,2,0.052360,1,-1.315793,5.545802,0.724405,1.810186,2.966141,0
2018-11-26,sh.600000,10.6600000000,10.6600000000,10.4300000000,10.5000000000,10.5000000000,14377396,151609376.0000,2,0.051158,1,0.000000,5.545802,0.724405,1.810186,2.966141,0
2018-11-27,sh.600000,10.5000000000,10.6100000000,10.4500000000,10.4900000000,10.5000000000,15084666,158853285.0000,2,0.053675,1,-0.095240,5.540520,0.723716,1.808462,2.963316,0
2018-11-28,sh.600000,10.5600000000,10.6200000000,10.5000000000,10.5800000000,10.4900000000,18339621,193914889.0000,2,0.065257,1,0.857962,5.588056,0.729925,1.823978,2.988740,0
2018-11-29,sh.600000,10.6400000000,10.7500000000,10.5400000000,10.6300000000,10.5800000000,20685685,220670065.0000,2,0.073605,1,0.472592,5.614464,0.733374,1.832598,3.002864,0
2018-11-30,sh.600000,10.6500000000,10.7500000000,10.6200000000,10.7100000000,10.6300000000,28572651,305468672.0000,2,0.101668,1,0.752586,5.656718,0.738894,1.846390,3.025463,0
2018-12-03,sh.600000,10.9900000000,11.0500000000,10.8400000000,11.0200000000,10.7100000000,43049070,472438382.0000,2,0.153179,1,2.894495,5.820451,0.760281,1.899833,3.113035,0
2018-12-04,sh.600000,11.0000000000,11.0800000000,10.9700000000,11.0800000000,11.0200000000,20811293,229713745.0000,2,0.074052,1,0.544460,5.852141,0.764420,1.910177,3.129985,0
2018-12-05,sh.600000,10.9900000000,11.1000000000,10.9600000000,11.0000000000,11.0800000000,25491217,281189602.0000,2,0.090704,1,-0.722021,5.809888,0.758901,1.896385,3.107385,0
2018-12-06,sh.600000,10.8200000000,10.9300000000,10.8200000000,10.9000000000,11.0000000000,23597997,256533148.0000,2,0.083967,1,-0.909094,5.757070,0.752002,1.879146,3.079136,0
2018-12-07,sh.600000,10.9400000000,11.0300000000,10.8800000000,10.8900000000,10.9000000000,10580550,115760323.0000,2,0.037648,1,-0.091736,5.751789,0.751312,1.877422,3.076312,0
